{
  "project_info": {
    "project_number": "300475220358",
    "project_id": "kasi2africa-b7dfb",
    "storage_bucket": "kasi2africa-b7dfb.appspot.com"
  },
  "client": [
    {
      "client_info": {
        "mobilesdk_app_id": "1:300475220358:android:d7ac9a605ea5fe27b1ec07",
        "android_client_info": {
          "package_name": "com.example.k2a"
        }
      },
      "oauth_client": [
        {
          "client_id": "300475220358-7lf8pbtbgp2o5iu3gp4cvcfttl6cu736.apps.googleusercontent.com",
          "client_type": 3
        }
      ],
      "api_key": [
        {
          "current_key": "AIzaSyBBNRZzt_0JokRY_vZLgYLXRIFPBlQdtc8"
        }
      ],
      "services": {
        "appinvite_service": {
          "other_platform_oauth_client": [
            {
              "client_id": "300475220358-7lf8pbtbgp2o5iu3gp4cvcfttl6cu736.apps.googleusercontent.com",
              "client_type": 3
            }
          ]
        }
      }
    }
  ],
  "configuration_version": "1"
}